{"cameraMode":{"drawMode":0,"name":"Shaded","section":"Shading Mode"},"sceneLighting":false,"audioPlay":false,"sceneViewState":{"m_AlwaysRefresh":false,"showFog":true,"showSkybox":false,"showFlares":true,"showImageEffects":true,"showParticleSystems":true,"showVisualEffectGraphs":true,"m_FxEnabled":true},"in2DMode":false,"pivot":{"x":0.09725669026374817,"y":-0.05297708511352539,"z":-0.00017293542623519897},"rotation":{"x":-0.027712956070899965,"y":0.7735769748687744,"z":-0.03391467034816742,"w":-0.6322466731071472},"size":1.1018545627593995,"orthographic":false}